Port Richmond,South Beach and Tottenville,Stapleton and St. George,Mid-Island (Willowbrook),Inwood and Washington Heights,Central Harlem,East Harlem,Upper West Side,Upper East Side,Chelsea and Clinton,Gramercy Park and Murray Hill,Greenwich Village and Soho,Union Square and Lower East Side,Lower Manhattan,Kingsbridge and Riverdale,Northeast Bronx,Crotona and Tremont,Bronx Park and Fordham,Pelham and Throgs Neck,HighBridge and Morrisania,Hunts Point and Mott Haven,Long Island City and Astoria,West Queens,North Queens,Northeast Queens,West Central Queens,Central Queens,Southwest Queens,Jamaica,Southeast Queens,Rockaways,Greenpoint,Northwest Brooklyn ,Central Brooklyn (Bedford Stuyvesant – Crown Heights),East New York and New Lots,Sunset Park,Southwest Brooklyn,Borough Park,Canarsie and Flatlands,Southern Brooklyn,Flatbush,Bushwick and Williamsburg
10302,10306,10301,10314,10031,10026,10029,10023,10021,10001,10010,10012,10002,10004,10463,10466,10453,10458,10461,10451,10454,11101,11368,11354,11361,11374,11365,11414,11412,11004,11691,11211,11201,11212,11207,11220,11209,11204,11234,11223,11203,11206
10303,10307,10304,,10032,10027,10035,10024,10028,10011,10016,10013,10003,10005,10471,10469,10457,10467,10462,10452,10455,11102,11369,11355,11362,11375,11366,11415,11423,11005,11692,11222,11205,11213,11208,11232,11214,11218,11236,11224,11210,11221
10310,10308,10305,,10033,10030,,10025,10044,10018,10017,10014,10009,10006,,10470,10460,10468,10464,10456,10459,11103,11370,11356,11363,11379,11367,11416,11432,11411,11693,,11215,11216,,,11228,11219,11239,11229,11225,11237
,,,,10034,10037,,,10065,10019,10022,,,10007,,10475,,,10465,,10474,11104,11372,11357,11364,11385,,11417,11433,11413,11694,,11217,11233,,,,11230,,11235,11226,
,,,,10040,10039,,,10075,10020,,,,10038,,,,,10472,,,11105,11373,11358,,,,11418,11434,11422,11695,,11231,11238,,,,,,,,
,,,,,,,,10128,10036,,,,10280,,,,,10473,,,11106,11377,11359,,,,11419,11435,11426,11697,,,,,,,,,,,
,,,,,,,,,,,,,,,,,,,,,,11378,11360,,,,11420,11436,11427,,,,,,,,,,,,
,,,,,,,,,,,,,,,,,,,,,,,,,,,11421,,11428,,,,,,,,,,,,
,,,,,,,,,,,,,,,,,,,,,,,,,,,,,11429,,,,,,,,,,,,
